iter	RMSE
0	0.04826771471
1	0.04802429087
2	0.04786182261
3	0.04772422397
4	0.04760381422
