iter	RMSE
0	0.006468909571
1	0.006401925326
2	0.00634243083
